{"0": 1.6102565842314136, "1": 3.533094234690296, "2": 20.752695504974184, "3": 20.939536373288504}