{"0": 1.7016461091379091, "1": 61.66844380976551, "2": 22.06028315698973, "3": 319.22236056509246, "4": 29.982476995877537, "5": 3.747812644128379, "6": 350.1145148976893, "7": 22.40948216828481}