{"age": [39.01431159976659, 13.014308099904568], "fnlwgt": [190012.886612819, 105710.92795018513], "education-num": [10.283652221983354, 2.6561908358941406], "capital-gain": [1614.1021160283774, 8855.196949658655], "capital-loss": [98.42940941617272, 432.01123338853165], "hours-per-week": [40.81247504683517, 12.04127189666072]}