{"0": 27.043997471762896, "1": 3.7366302803958824, "2": 361.78486905701044, "3": 22.225923395274133, "4": 1.7122047792919608, "5": 64.86242059278767, "6": 22.01553616258542, "7": 361.78486905701044}