{"age": [41.56690519332944, 12.588220012317525], "fnlwgt": [188790.10592426523, 104313.0403240917], "education-num": [10.932465219127177, 2.545763517349406], "capital-gain": [2587.263106169958, 11747.832647489511], "capital-loss": [149.48684008476397, 525.3543673174811], "hours-per-week": [42.67703694603974, 12.129987665006551]}